<?xml version="1.0" encoding="UTF-8"?>
<project-private xmlns="http://www.netbeans.org/ns/project-private/1">
    <editor-bookmarks xmlns="http://www.netbeans.org/ns/editor-bookmarks/2" lastBookmarkId="0"/>
    <open-files xmlns="http://www.netbeans.org/ns/projectui-open-files/2">
        <group>
            <file>file:/C:/Users/itzel/OneDrive/Documentos/NetBeansProjects/opcion2/web/css/font-awesome.css</file>
            <file>file:/C:/Users/itzel/OneDrive/Documentos/NetBeansProjects/opcion2/web/css/animate.min.css</file>
            <file>file:/C:/Users/itzel/OneDrive/Documentos/NetBeansProjects/opcion2/web/index.html</file>
            <file>file:/C:/Users/itzel/OneDrive/Documentos/NetBeansProjects/opcion2/web/css/estilo.css</file>
            <file>file:/C:/Users/itzel/OneDrive/Documentos/NetBeansProjects/opcion2/web/css/pro-bars.css</file>
            <file>file:/C:/Users/itzel/OneDrive/Documentos/NetBeansProjects/opcion2/web/css/responsive.css</file>
            <file>file:/C:/Users/itzel/OneDrive/Documentos/NetBeansProjects/opcion2/web/css/reset.css</file>
            <file>file:/C:/Users/itzel/OneDrive/Documentos/NetBeansProjects/opcion2/web/css/bootstrap.min.css</file>
            <file>file:/C:/Users/itzel/OneDrive/Documentos/NetBeansProjects/opcion2/web/css/owl.carousel.css</file>
        </group>
    </open-files>
</project-private>
